,id,energy,location,vehicle_status,remain_trip_time,destination,idle_driving_distance,dispatched_charging_time,dispatched_serving_time,update_status,decision
0,0,2,7,1,0,-1,239.1888647999997,34,36,0,1
1,1,2,32,1,0,-1,97.2095944,34,36,0,1
2,2,0,0,0,0,-1,114.82067199999999,36,35,0,1
3,3,1,32,1,0,-1,97.8623384,33,36,0,1
4,4,2,32,1,0,-1,153.69296719999997,34,36,0,1
5,5,3,33,1,0,4,108.6139328,35,36,0,1
6,6,2,32,1,0,-1,197.4944248,34,36,0,1
7,7,3,33,1,0,-1,125.70409400000001,35,36,0,1
8,8,0,32,0,0,-1,119.06184,36,35,0,1
9,9,1,32,1,0,-1,122.30142959999999,33,36,0,1
10,10,2,4,1,0,4,172.5209064,34,36,0,1
11,11,2,32,1,0,-1,209.16708879999996,34,36,0,1
12,12,2,2,1,0,-1,189.10282799999973,34,36,0,1
13,13,3,21,0,0,3,153.2829172,36,33,0,1
14,14,0,32,0,0,0,204.2567191999997,36,35,0,1
15,15,1,2,1,0,2,175.9586543999997,33,35,0,1
16,16,2,2,1,0,13,168.08903039999998,34,36,0,1
17,17,3,7,1,0,-1,267.3279136,35,36,0,1
18,18,2,1,1,0,25,205.393072,34,36,0,1
19,19,3,24,1,0,9,298.85294680000004,35,36,0,1
20,20,2,2,1,0,-1,212.07063200000002,34,36,0,1
21,21,1,4,1,0,1,156.59272960000098,33,36,0,1
22,22,2,1,1,0,-1,149.62010040000004,34,36,0,1
23,23,3,33,1,0,8,222.1322304,35,36,0,1
24,24,2,1,1,0,15,203.73797119999998,34,36,0,1
25,25,3,4,1,0,3,98.34894959999997,35,36,0,1
26,26,4,36,1,0,1,211.09496319999965,33,36,0,1
27,27,1,4,1,0,0,159.47836959999998,33,36,0,1
28,28,2,1,1,0,3,210.83875840000002,34,36,0,1
29,29,3,21,0,0,3,198.0523152,36,34,0,1
30,30,2,1,1,0,-1,180.90294,34,36,0,1
31,31,3,4,1,0,4,320.9605075999999,35,36,0,1
32,32,4,26,2,14,1,207.41635600000004,33,35,0,1
33,33,1,29,1,0,1,106.1118216,33,36,0,1
34,34,3,4,1,0,3,160.16703119999997,35,36,0,1
35,35,3,1,1,0,1,180.53625800000003,35,36,0,1
36,36,2,1,1,0,0,126.6223279999991,34,36,0,1
37,37,1,29,1,0,4,119.38965759999999,33,36,0,1
38,38,1,29,1,0,-1,130.789825999999,33,36,0,1
39,39,2,4,1,0,3,115.6953156,34,36,0,1
40,40,2,1,1,0,-1,162.2654864,34,36,0,1
41,41,0,0,0,0,23,183.62322560000007,36,35,0,1
42,42,2,1,1,0,-1,292.9588464,34,36,0,1
43,43,2,1,1,0,-1,169.1738976,34,36,0,1
44,44,2,1,1,0,0,236.37283599999998,34,36,0,1
45,45,2,1,1,0,1,148.22926639999997,34,36,0,1
46,46,2,1,1,0,7,125.40057360000002,34,36,0,1
47,47,2,1,1,0,5,360.11486160000004,34,36,0,1
48,48,2,2,1,0,2,116.093244799998,34,36,0,1
49,49,3,24,1,0,10,134.02368879999997,35,36,0,1
50,50,1,3,1,0,3,106.69189640000099,33,36,0,1
51,51,1,1,1,0,7,232.37552959999968,33,35,0,1
52,52,2,2,1,0,4,182.23923039999997,34,36,0,1
53,53,3,1,1,0,0,155.562962,35,36,0,1
54,54,2,2,1,0,3,198.77289119999998,34,36,0,1
55,55,2,11,1,0,7,117.8265748,32,36,0,1
56,56,1,1,1,0,-1,195.69270679999997,33,34,0,1
57,57,1,29,1,0,1,172.7665472,31,36,0,1
58,58,2,26,2,6,3,230.52933159999995,34,35,0,1
59,59,4,4,1,0,3,126.71579159999997,33,36,0,1
60,60,1,26,2,5,9,143.74812879999996,33,35,0,1
61,61,3,20,1,0,-1,78.17182079999999,35,36,0,1
62,62,1,1,0,0,1,178.73253839999967,32,34,0,1
63,63,2,30,0,0,3,146.0755448,36,35,0,1
64,64,2,33,2,2,0,241.4804744,34,35,0,1
65,65,1,1,1,0,-1,170.79430399999995,33,35,0,1
66,66,2,1,1,0,2,190.690208,34,36,0,1
67,67,3,21,1,0,3,89.53012240000001,35,36,0,1
68,68,3,4,1,0,4,136.1876407999997,35,36,0,1
69,69,2,1,1,0,-1,247.44407479999995,34,36,0,1
70,70,2,1,1,0,0,144.4903888,34,36,0,1
71,71,3,20,1,0,4,156.37277600000002,35,36,0,1
72,72,2,11,1,0,1,133.78138400000202,34,36,0,1
73,73,3,5,1,0,-1,277.15054319999996,35,36,0,1
74,74,1,2,1,0,-1,172.6594615999997,33,35,0,1
75,75,2,2,1,0,6,176.13401679999902,34,36,0,1
76,76,4,18,2,16,1,212.54434399999997,33,35,0,1
77,77,3,5,1,0,1,140.443932000001,35,36,0,1
78,78,2,1,1,0,15,154.3816288,34,35,0,1
79,79,2,2,1,0,-1,78.26033600000001,34,35,0,1
80,80,0,32,0,0,1,228.76114039999985,36,35,0,1
81,81,1,18,2,1,10,361.9936968,29,35,0,1
82,82,0,21,0,0,1,313.5113864,36,35,0,1
83,83,3,5,0,0,0,165.53443280000002,36,34,0,1
84,84,2,18,2,16,3,235.89128440000002,34,35,0,1
85,85,3,14,1,0,8,328.0329388,35,36,0,1
86,86,0,14,0,0,14,182.39324239999993,36,33,0,1
87,87,2,11,1,0,3,167.1356016,34,36,0,1
88,88,2,4,1,0,1,241.68675040000002,34,36,0,1
89,89,2,18,1,0,9,210.22109800000004,34,36,0,1
90,90,2,18,1,0,10,241.35237199999997,34,36,0,1
91,91,4,12,1,0,14,260.2154503999997,33,36,0,1
92,92,3,5,0,0,1,235.65681920000003,36,34,0,1
93,93,2,18,1,0,1,130.0252704,34,36,0,1
94,94,2,7,1,0,2,173.61144480000002,30,36,0,1
95,95,3,5,0,0,1,303.71333200000004,36,34,0,1
96,96,2,26,2,0,9,154.62182080000002,34,35,0,1
97,97,3,21,1,0,9,209.40550160000197,35,36,0,1
98,98,5,7,1,0,8,116.00439600000001,34,36,0,1
99,99,1,33,2,1,4,121.70328479999999,33,35,0,1
100,100,0,32,0,0,3,137.2469319999995,36,34,0,1
101,101,3,33,1,0,2,144.86513280000003,35,36,0,1
102,102,2,9,1,0,2,252.1436648,34,36,0,1
103,103,0,34,0,0,3,196.10119999999998,36,35,0,1
104,104,0,30,0,0,1,252.42388879999996,36,34,0,1
105,105,2,7,1,0,9,153.9058596,34,36,0,1
106,106,0,30,0,0,2,134.3422767999997,36,34,0,1
107,107,3,33,1,0,4,176.87738879999998,35,36,0,1
108,108,2,33,1,0,2,170.19426880000003,34,36,0,1
109,109,3,33,1,0,2,78.84280160000002,35,36,0,1
110,110,0,32,0,0,4,161.380112,36,35,0,1
111,111,1,13,1,0,2,175.38630799999999,33,36,0,1
112,112,2,26,2,19,0,177.069876,34,35,0,1
113,113,0,32,0,0,0,207.41724559999997,36,35,0,1
114,114,3,33,1,0,2,573.3587648,35,36,0,1
115,115,3,35,1,0,1,132.1937816,35,36,0,1
116,116,0,32,0,0,-1,137.1845488,36,35,0,1
117,117,2,33,1,0,-1,202.10733439999998,34,36,0,1
118,118,2,13,1,0,4,186.85430839999998,34,36,0,1
119,119,3,33,1,0,15,208.92395,35,36,0,1
120,120,2,2,1,0,1,167.12431479999998,34,35,0,1
121,121,4,36,1,0,1,260.86730479999994,34,36,0,1
122,122,1,7,1,0,1,453.20060400000006,33,35,0,1
123,123,1,4,1,0,2,141.4466224,33,36,0,1
124,124,2,7,1,0,3,207.9209816,34,36,0,1
125,125,3,4,1,0,1,182.57561040000002,35,36,0,1
126,126,2,26,2,37,14,273.82455120000003,30,35,0,1
127,127,1,25,1,0,15,195.39608080000002,33,36,0,1
128,128,1,2,1,0,-1,180.6500711999997,33,34,0,1
129,129,2,2,1,0,3,201.9695576,34,35,0,1
130,130,3,7,1,0,9,229.8877632,35,36,0,1
131,131,0,32,0,0,2,191.17782,36,35,0,1
132,132,2,18,2,15,3,137.37292159999998,34,35,0,1
133,133,3,21,0,0,3,566.7701648000001,36,34,0,1
134,134,4,18,2,4,1,245.32982919999998,34,35,0,1
135,135,5,35,1,0,3,137.8686512,34,36,0,1
136,136,0,5,0,0,9,134.12749399999902,36,35,0,1
137,137,1,0,0,0,2,108.98889919999999,36,35,0,1
138,138,2,15,1,0,11,223.90887279999998,34,36,0,1
139,139,0,5,0,0,2,274.15948560000004,36,35,0,1
140,140,1,26,2,11,14,108.2578704,33,34,0,1
141,141,2,3,1,0,3,299.6000439999997,32,36,0,1
142,142,1,26,2,4,8,159.34793200000001,22,35,0,1
143,143,5,36,1,0,13,154.5697792,34,36,0,1
144,144,6,21,1,0,3,332.7721159999999,35,36,0,1
145,145,0,17,0,0,1,181.0505024,36,35,0,1
146,146,0,21,0,0,26,123.03801840000001,36,35,0,1
147,147,2,4,1,0,-1,275.8724103999999,34,36,0,1
148,148,0,32,0,0,9,180.26782120000001,36,35,0,1
149,149,3,33,1,0,-1,224.5240312,35,36,0,1
150,150,9,21,1,0,3,170.4810536,35,36,0,1
151,151,2,4,1,0,1,314.16824479999997,34,36,0,1
152,152,0,32,0,0,1,235.30231359999996,36,35,0,1
153,153,3,33,1,0,-1,120.26557999999997,35,36,0,1
154,154,0,0,0,0,14,364.18555999999995,36,35,0,1
155,155,2,4,1,0,1,248.43792479999996,34,36,0,1
156,156,3,21,0,0,3,200.82353039999896,36,34,0,1
157,157,3,15,1,0,24,157.358564,35,36,0,1
158,158,0,21,0,0,3,153.5165484,36,34,0,1
159,159,3,16,1,0,16,217.38638120000002,35,36,0,1
160,160,2,4,1,0,9,311.5388096,34,36,0,1
161,161,1,3,1,0,3,95.16707280000001,22,36,0,1
162,162,2,4,1,0,-1,105.07682759999997,34,36,0,1
163,163,3,26,2,12,7,251.1179004,33,34,0,1
164,164,3,21,0,0,7,198.32747960000196,36,34,0,1
165,165,3,14,1,0,14,179.952013200002,35,36,0,1
166,166,3,15,1,0,1,143.45817480000102,35,36,0,1
167,167,3,20,1,0,4,125.93166479999944,35,36,0,1
168,168,2,4,1,0,-1,193.961712000001,34,36,0,1
169,169,1,4,1,0,4,181.53188720000003,33,36,0,1
170,170,9,21,1,0,3,184.720713999999,35,36,0,1
171,171,6,22,1,0,22,177.451292,35,36,0,1
172,172,0,21,0,0,2,104.14280320000002,36,35,0,1
173,173,3,3,1,0,14,369.0109728,33,36,0,1
174,174,2,4,1,0,10,234.70027679999995,34,36,0,1
175,175,2,0,0,0,9,234.30451599999998,36,35,0,1
176,176,6,22,1,0,14,277.72489119999966,35,36,0,1
177,177,0,5,0,0,5,145.90518640000002,36,35,0,1
178,178,2,7,1,0,0,243.12395479999998,-1,36,0,1
179,179,2,18,2,10,1,157.06121519999996,34,35,0,1
180,180,0,5,0,0,2,177.4598543999995,36,35,0,1
181,181,1,4,1,0,4,368.94781120000005,22,36,0,1
182,182,1,2,1,0,4,116.96193919999999,33,35,0,1
183,183,0,5,1,0,1,134.0845151999994,18,34,0,1
184,184,2,26,2,31,14,222.58270160000004,34,35,0,1
185,185,0,22,0,0,4,231.3403688,36,35,0,1
186,186,0,6,0,0,22,139.6439592,36,34,0,1
187,187,2,7,1,0,4,225.78326,34,36,0,1
188,188,2,4,1,0,1,143.03194519999997,34,36,0,1
189,189,2,18,2,13,2,102.127470000003,19,35,0,1
190,190,3,20,1,0,26,326.63626679999993,35,36,0,1
191,191,0,32,0,0,1,183.2961863999997,36,34,0,1
192,192,2,30,0,0,1,196.0930824,36,35,0,1
193,193,0,6,0,0,1,169.4894832,36,34,0,1
194,194,3,30,1,0,1,196.26688799999997,35,36,0,1
195,195,4,36,1,0,3,157.21144639999972,18,36,0,1
196,196,0,16,0,0,16,150.5720279999997,36,32,0,1
197,197,0,29,0,0,-1,354.5255048000001,36,35,0,1
198,198,0,6,0,0,1,158.74823039999995,36,34,0,1
199,199,3,30,1,0,1,197.4580624,35,36,0,1
200,200,3,30,1,0,4,244.98349680000004,35,36,0,1
201,201,2,15,1,0,1,257.0872276,34,36,0,1
202,202,1,33,1,0,6,170.05337839999902,30,36,0,1
203,203,0,32,0,0,2,174.163941999999,36,33,0,1
204,204,5,9,1,0,3,175.2454176,35,36,0,1
205,205,3,30,1,0,1,261.1202847999997,35,36,0,1
206,206,4,7,1,0,0,262.8364344,32,36,0,1
207,207,0,32,0,0,11,105.79034239999997,36,34,0,1
208,208,0,15,0,0,4,182.0086016,36,34,0,1
209,209,3,32,1,0,4,167.979053599996,35,36,0,1
210,210,0,14,0,0,14,79.1057895999994,36,32,0,1
211,211,4,36,1,0,3,219.0191864,32,36,0,1
212,212,0,32,0,0,4,248.83112799999995,36,34,0,1
213,213,2,1,1,0,4,70.60432719999999,34,35,0,1
214,214,5,35,1,0,0,277.9157104000001,22,36,0,1
215,215,1,0,0,0,21,259.3324111999997,36,34,0,1
216,216,0,22,0,0,14,282.5854431999994,36,33,0,1
217,217,0,22,0,0,17,246.47268719999997,36,33,0,1
218,218,2,4,1,0,4,227.8511352,34,36,0,1
219,219,1,4,1,0,1,166.91675999999995,22,34,0,1
220,220,5,35,1,0,-1,157.52336239999997,34,36,0,1
221,221,4,12,1,0,8,182.2244408,35,36,0,1
222,222,2,21,0,0,-1,205.36794079999987,36,35,0,1
223,223,3,30,1,0,5,179.5627576,35,36,0,1
224,224,1,33,2,8,0,201.36568599999998,22,35,0,1
225,225,1,4,1,0,33,111.0043992,33,35,0,1
226,226,2,15,1,0,24,309.1504004,34,36,0,1
227,227,3,32,1,0,4,76.22170640000301,35,36,0,1
228,228,2,22,1,0,3,218.067981600002,32,35,0,1
229,229,1,30,0,0,9,187.3931279999991,36,34,0,1
230,230,1,3,0,0,3,90.90666720000002,19,34,0,1
231,231,2,11,1,0,2,86.89201359999801,19,36,0,1
232,232,2,15,1,0,1,175.6579696,19,36,0,1
233,233,2,3,1,0,14,203.323028399999,19,35,0,1
234,234,3,32,1,0,2,70.722088000005,35,36,0,1
235,235,2,4,1,0,22,144.0024432,34,36,0,1
236,236,3,26,1,0,1,133.1584416,33,36,0,1
237,237,3,27,1,0,3,333.77197079999996,35,36,0,1
238,238,1,14,0,0,14,91.26106159999999,36,33,0,1
239,239,3,14,1,0,14,188.3257624,34,36,0,1
240,240,1,1,1,0,20,97.84621439999961,22,35,0,1
241,241,3,32,1,0,-1,168.744776800002,35,36,0,1
242,242,2,30,0,0,0,107.17878559999998,36,35,0,1
243,243,4,34,1,0,8,130.90586319999997,34,36,0,1
244,244,1,4,1,0,1,124.0403752,22,35,0,1
245,245,1,18,2,1,4,146.26469600000001,32,33,0,1
246,246,1,4,1,0,4,156.3878992,33,35,0,1
247,247,2,2,0,0,2,212.02403919999796,19,34,0,1
248,248,1,4,1,0,13,196.0224703999999,22,35,0,1
249,249,0,22,0,0,9,73.953671200002,36,32,0,1
250,250,0,32,0,0,14,207.1524784,36,34,0,1
251,251,3,3,1,0,3,134.88977,20,36,0,1
252,252,2,15,1,0,5,213.55904399999997,23,36,0,1
253,253,4,35,1,0,24,184.945616,34,36,0,1
254,254,3,30,1,0,7,91.87249480000298,35,36,0,1
255,255,1,7,0,0,7,126.54287559999999,-1,34,0,1
256,256,2,33,1,0,-1,133.1633344,34,36,0,1
257,257,2,3,1,0,8,234.96626719999998,33,35,0,1
258,258,2,6,1,0,15,237.57896680000002,34,35,0,1
259,259,1,4,1,0,-1,154.0832791999997,20,35,0,1
260,260,3,15,1,0,2,200.446896,35,36,0,1
261,261,1,3,1,0,8,201.5846944,31,35,0,1
262,262,1,7,1,0,1,184.95595759999998,18,35,0,1
263,263,2,18,2,0,24,122.27162799999998,34,35,0,1
264,264,4,14,1,0,14,115.57227280000001,35,36,0,1
265,265,0,15,0,0,4,175.9763908,36,34,0,1
266,266,4,26,2,22,4,146.6024104,21,35,0,1
267,267,0,32,0,0,1,82.699162000007,36,34,0,1
268,268,3,32,1,0,4,262.792288,35,36,0,1
269,269,2,30,0,0,5,159.97660120000003,36,34,0,1
270,270,2,24,0,0,7,276.92219400000096,36,35,0,1
271,271,3,30,1,0,4,165.9323064,35,36,0,1
272,272,3,7,1,0,0,142.355738,31,36,0,1
273,273,1,7,1,0,14,279.9467784,22,34,0,1
274,274,1,4,0,0,4,109.3593064,33,34,0,1
275,275,2,25,1,0,-1,184.0706944,34,36,0,1
276,276,4,1,1,0,1,194.95439439999998,31,36,0,1
277,277,4,35,1,0,24,171.652212,34,36,0,1
278,278,3,11,1,0,33,129.4624872,35,36,0,1
279,279,1,30,0,0,5,388.18624520000003,36,33,0,1
280,280,1,15,2,3,1,141.162506400003,22,33,0,1
281,281,3,32,1,0,2,110.4173188,35,36,0,1
282,282,2,33,2,7,13,143.29232,34,35,0,1
283,283,3,20,1,0,-1,123.78617200000001,35,36,0,1
284,284,4,2,1,0,2,224.66714559999997,30,36,0,1
285,285,6,22,1,0,3,129.73337039999998,35,36,0,1
286,286,1,18,2,7,9,190.57667279999998,19,35,0,1
287,287,0,15,0,0,10,299.707352,36,33,0,1
288,288,1,4,1,0,24,190.51406719999912,21,35,0,1
289,289,3,32,1,0,4,152.4633176,35,36,0,1
290,290,5,18,2,4,1,168.74950279999996,34,35,0,1
291,291,0,29,0,0,7,71.92249199999999,36,34,0,1
292,292,4,34,1,0,8,228.4183108,34,36,0,1
293,293,3,11,1,0,7,80.97706320000101,35,36,0,1
294,294,0,15,0,0,4,176.70780879999998,36,32,0,1
295,295,5,2,1,0,2,131.87930799999978,22,36,0,1
296,296,2,33,1,0,1,160.2086756,34,36,0,1
297,297,0,15,0,0,26,182.29438559999997,36,34,0,1
298,298,0,15,0,0,-1,120.34041760000001,36,33,0,1
299,299,3,18,2,16,1,372.2848675999999,33,34,0,1
300,300,3,3,1,0,3,108.54237560000199,31,36,0,1
301,301,2,26,2,12,26,116.6761552,34,35,0,1
302,302,1,11,2,16,4,128.5278512,-1,35,0,1
303,303,1,7,1,0,9,119.8433536,22,35,0,1
304,304,3,30,1,0,5,163.55029119999998,35,36,0,1
305,305,4,14,1,0,14,372.6794052,35,36,0,1
306,306,6,9,1,0,9,310.99709879999995,35,36,0,1
307,307,1,26,1,0,9,265.3931447999994,21,36,0,1
308,308,1,4,1,0,14,211.30318520000003,21,35,0,1
309,309,3,18,2,14,2,156.3623232,33,34,0,1
310,310,4,36,1,0,3,85.67448479999999,32,36,0,1
311,311,2,15,1,0,4,175.09463040000003,34,36,0,1
312,312,3,3,1,0,13,123.37450959999978,33,36,0,1
313,313,3,33,1,0,2,242.82488239999998,35,36,0,1
314,314,3,24,1,0,21,199.76396119999998,35,36,0,1
315,315,2,15,1,0,1,249.90126119999996,23,36,0,1
316,316,1,15,2,17,4,181.9609524,22,34,0,1
317,317,5,15,1,0,15,269.09021120000006,21,36,0,1
318,318,3,3,1,0,3,139.4633704,33,36,0,1
319,319,3,27,1,0,-1,216.66196879999998,32,36,0,1
320,320,4,12,1,0,17,239.22745120000002,35,36,0,1
321,321,3,33,1,0,33,148.32678879999997,35,36,0,1
322,322,1,26,1,0,7,226.9839976,18,36,0,1
323,323,0,15,0,0,11,125.77654079999998,36,33,0,1
324,324,3,33,1,0,2,205.9406208,32,36,0,1
325,325,1,14,0,0,8,170.76956200000004,36,33,0,1
326,326,0,24,0,0,24,323.93038160000003,36,33,0,1
327,327,4,26,2,36,1,169.14420720000598,34,35,0,1
328,328,0,22,0,0,0,277.6853596,36,31,0,1
329,329,3,0,0,0,3,255.9122884,36,32,0,1
330,330,0,22,1,0,-1,128.77716159999997,20,33,0,1
331,331,4,4,1,0,4,110.11302000000002,20,36,0,1
332,332,0,22,0,0,3,256.85348519999997,36,34,0,1
333,333,2,4,0,0,4,157.6530216,23,34,0,1
334,334,3,33,1,0,33,150.46699959999998,35,36,0,1
335,335,4,15,2,56,16,249.72795599999998,31,35,0,1
336,336,4,35,1,0,7,141.199980800005,21,36,0,1
337,337,1,3,1,0,-1,161.81167920000001,21,34,0,1
338,338,1,33,1,0,9,265.1703,32,36,0,1
339,339,6,22,0,0,14,96.82417519999998,36,31,0,1
340,340,0,22,0,0,17,206.77628879999799,36,31,0,1
341,341,2,26,1,0,14,131.8962104,21,36,0,1
342,342,3,33,1,0,7,173.7442176,35,36,0,1
343,343,3,1,1,0,1,385.1971335999999,32,36,0,1
344,344,3,33,1,0,2,230.25066439999998,35,36,0,1
345,345,3,32,1,0,4,113.45569199999899,35,36,0,1
346,346,2,26,2,34,2,181.62496159999998,34,35,0,1
347,347,3,14,1,0,8,200.7129976,34,36,0,1
348,348,3,24,0,0,12,382.437372,36,33,0,1
349,349,1,4,1,0,4,102.67918879999999,23,35,0,1
350,350,1,3,0,0,3,140.54078719999998,33,34,0,1
351,351,3,26,2,33,14,108.73425119999999,19,35,0,1
352,352,0,32,0,0,13,119.15647119999998,36,28,0,1
353,353,2,15,1,0,13,132.85314199999996,23,36,0,1
354,354,3,14,1,0,14,239.8010208,20,36,0,1
355,355,0,1,1,0,4,81.263848,30,33,0,1
356,356,1,16,1,0,16,260.46542800000003,30,36,0,1
357,357,2,15,1,0,6,372.6452111999999,22,36,0,1
358,358,2,14,0,0,8,128.5073903999995,36,34,0,1
359,359,0,20,0,0,11,166.8703896,36,33,0,1
360,360,0,22,0,0,24,178.02291559999998,36,32,0,1
361,361,5,18,2,1,2,271.6106704,34,35,0,1
362,362,4,26,2,11,3,188.30341120000003,34,35,0,1
363,363,5,12,1,0,8,669.8573464000001,35,36,0,1
364,364,4,26,1,0,26,123.12936919999999,21,36,0,1
365,365,3,33,1,0,14,422.6120972,35,36,0,1
366,366,2,33,1,0,14,145.9335424,33,36,0,1
367,367,0,15,0,0,35,193.608096,36,33,0,1
368,368,3,32,1,0,4,306.9471391999999,35,36,0,1
369,369,4,4,1,0,23,128.4812584,25,36,0,1
370,370,1,26,2,8,7,142.25804879999998,22,34,0,1
371,371,0,3,1,0,14,246.7496864,20,34,0,1
372,372,3,14,1,0,34,297.7542908,35,36,0,1
373,373,2,3,1,0,3,172.822592,30,35,0,1
374,374,1,9,1,0,14,272.96808880000003,33,35,0,1
375,375,2,16,1,0,16,121.60136999999978,23,36,0,1
376,376,1,3,1,0,14,250.70418080000002,22,34,0,1
377,377,1,1,1,0,0,146.62765280000002,21,34,0,1
378,378,0,20,0,0,20,65.24031719999999,36,33,0,1
379,379,2,18,2,10,3,95.3900844,-1,35,0,1
380,380,0,15,0,0,7,115.35415400000002,36,33,0,1
381,381,1,2,0,0,2,185.2129964,22,34,0,1
382,382,0,3,1,0,3,92.02678480000002,21,33,0,1
383,383,3,9,1,0,9,295.9784824,26,36,0,1
384,384,5,12,1,0,14,131.397256,35,36,0,1
385,385,1,31,0,0,5,122.32277999999972,36,34,0,1
386,386,6,9,1,0,21,349.9259947999999,35,36,0,1
387,387,0,24,0,0,-1,105.49154799999998,36,33,0,1
388,388,3,3,1,0,9,394.17770119999994,34,36,0,1
389,389,3,33,1,0,7,191.7544476,35,36,0,1
390,390,3,33,1,0,15,210.15048600000003,35,36,0,1
391,391,1,9,1,0,14,125.98837679999981,22,34,0,1
392,392,2,2,1,0,3,347.839438,29,35,0,1
393,393,2,26,2,5,8,227.66387440000005,34,35,0,1
394,394,3,24,0,0,24,119.83367920000201,36,32,0,1
395,395,0,24,0,0,14,249.11185239999998,36,35,0,1
396,396,0,2,1,0,-1,77.60709159999999,22,28,0,1
397,397,3,26,2,3,26,130.4171392,32,35,0,1
398,398,1,11,1,0,1,230.76268480000002,31,35,0,1
399,399,3,33,1,0,13,131.1618456,35,36,0,1
400,400,6,10,1,0,26,119.54945200000003,35,36,0,1
401,401,3,26,2,28,7,246.60090080000003,34,35,0,1
402,402,4,26,1,0,9,94.15176120000001,21,36,0,1
403,403,3,3,1,0,3,381.1517888,21,36,0,1
404,404,3,26,2,12,14,200.22260559999603,24,34,0,1
405,405,2,13,1,0,21,71.84576400000802,23,36,0,1
406,406,3,34,1,0,14,270.1989863999981,35,36,0,1
407,407,4,9,1,0,13,122.353082,21,36,0,1
408,408,4,14,1,0,8,136.6784776,25,36,0,1
409,409,1,11,0,0,11,264.27336080000003,21,34,0,1
410,410,2,26,2,32,14,229.2072748,21,35,0,1
411,411,2,9,0,0,9,141.90065199999998,26,34,0,1
412,412,4,34,1,0,3,228.77720879999998,34,36,0,1
413,413,5,14,1,0,14,216.619268,35,36,0,1
414,414,0,11,0,0,4,138.8250268,36,33,0,1
415,415,6,10,1,0,7,76.10194400000002,35,36,0,1
416,416,3,3,1,0,3,149.42889200000002,-1,36,0,1
417,417,4,26,1,0,12,98.806593200006,34,36,0,1
418,418,3,15,2,23,1,188.4302904,33,34,0,1
419,419,4,14,1,0,14,158.49925360000003,29,36,0,1
420,420,3,10,1,0,8,251.1559864,24,36,0,1
421,421,2,26,2,24,17,153.718988,19,35,0,1
422,422,3,26,2,1,8,161.7362856,22,33,0,1
423,423,3,15,1,0,15,255.95882559999998,35,36,0,1
424,424,4,9,1,0,9,102.22488119999998,29,36,0,1
425,425,1,2,1,0,22,264.29637920000005,33,34,0,1
426,426,2,33,2,5,7,99.77792519999998,34,35,0,1
427,427,4,34,1,0,14,153.3098832,34,36,0,1
428,428,0,24,0,0,24,184.7152652,32,33,0,1
429,429,1,16,2,4,16,189.1935116,22,35,0,1
430,430,3,23,1,0,6,295.05735719999996,35,36,0,1
431,431,2,16,0,0,16,147.75977999999998,36,34,0,1
432,432,3,24,0,0,35,133.97442719999998,36,30,0,1
433,433,5,14,1,0,8,206.8774808,35,36,0,1
434,434,4,7,1,0,13,103.8059784,20,36,0,1
435,435,0,34,0,0,-1,209.753891200003,36,33,0,1
436,436,1,33,2,7,15,90.45808640000001,20,33,0,1
437,437,1,26,2,1,14,90.24308119999999,22,33,0,1
438,438,6,22,0,0,21,185.05375800000002,36,33,0,1
439,439,1,26,2,13,11,141.808467199998,-1,34,0,1
440,440,2,7,0,0,7,162.2726031999991,18,34,0,1
441,441,4,14,1,0,14,77.43495399999999,22,36,0,1
442,442,4,24,1,0,24,129.65386239999998,35,36,0,1
443,443,0,3,1,0,0,202.7380608,21,33,0,1
444,444,3,28,2,39,15,170.54766239999998,34,35,0,1
445,445,1,4,1,0,15,145.905798000001,-1,34,0,1
446,446,0,15,0,0,6,103.059048000003,36,34,0,1
447,447,5,1,1,0,1,97.0251135999994,21,36,0,1
448,448,4,16,2,4,16,321.210207199998,33,35,0,1
449,449,2,26,0,0,26,206.5358744,32,33,0,1
450,450,3,30,1,0,4,161.4536152,35,36,0,1
451,451,0,9,1,0,-1,86.67078119999799,29,30,0,1
452,452,4,4,1,0,4,141.487877600002,22,36,0,1
453,453,2,11,1,0,13,181.82890239999998,23,36,0,1
454,454,3,18,2,16,4,207.7328312,32,35,0,1
455,455,3,33,2,17,7,208.13259520000003,24,33,0,1
456,456,3,33,1,0,2,173.2220224,35,36,0,1
457,457,4,26,1,0,26,133.54897599999998,21,36,0,1
458,458,4,31,1,0,31,79.0012616,21,36,0,1
459,459,4,33,1,0,34,181.11711120000004,23,36,0,1
460,460,4,15,1,0,15,152.7025088,24,36,0,1
461,461,0,5,1,0,4,154.67953359999998,20,33,0,1
462,462,0,1,1,0,-1,260.604706,30,31,0,1
463,463,5,35,1,0,11,216.1760247999994,25,36,0,1
464,464,3,8,1,0,8,215.05134800000297,33,36,0,1
465,465,2,26,2,6,12,138.2954368,30,34,0,1
466,466,5,14,1,0,8,230.1676536,35,36,0,1
467,467,0,32,0,0,32,226.70071559999997,20,33,0,1
468,468,2,26,2,1,3,93.3533452,23,35,0,1
469,469,5,8,1,0,8,165.5621216,23,36,0,1
470,470,0,29,0,0,26,269.14836879999996,36,33,0,1
471,471,5,34,1,0,14,215.441771200003,25,36,0,1
472,472,3,12,1,0,12,82.4946096,21,36,0,1
473,473,0,10,1,0,1,126.43306559999999,19,31,0,1
474,474,3,21,0,0,13,187.7888888,36,35,0,1
475,475,0,24,1,0,32,100.441956,31,32,0,1
476,476,3,30,0,0,15,113.38018719999941,36,34,0,1
477,477,2,13,1,0,13,120.38834479999997,31,36,0,1
478,478,4,15,1,0,2,107.16466319999999,20,36,0,1
479,479,2,5,1,0,32,120.40980640000299,23,35,0,1
480,480,2,26,2,17,9,286.37369359999997,23,35,0,1
481,481,2,7,1,0,13,183.4159488,32,35,0,1
482,482,4,16,1,0,16,252.36667640000002,35,36,0,1
483,483,2,24,0,0,9,234.3272008,36,35,0,1
484,484,5,7,1,0,14,166.5610312,25,36,0,1
485,485,3,0,1,0,3,210.1803988,35,36,0,1
486,486,3,32,1,0,33,144.871971600001,29,36,0,1
487,487,3,14,1,0,14,177.40230840000098,33,36,0,1
488,488,5,12,1,0,14,320.95099999999996,35,36,0,1
489,489,5,33,1,0,29,118.88025040000001,25,36,0,1
490,490,2,26,2,2,12,199.12022439999998,29,35,0,1
491,491,4,23,1,0,20,149.34020999999902,21,36,0,1
492,492,2,33,0,0,33,99.8961864,23,33,0,1
493,493,3,15,1,0,15,174.8021188,35,36,0,1
494,494,2,18,2,27,15,82.2655375999996,23,34,0,1
495,495,4,1,1,0,1,136.84555559999998,20,36,0,1
496,496,3,13,1,0,9,93.20739520000001,20,36,0,1
497,497,5,35,1,0,35,161.80489599999999,22,36,0,1
498,498,3,15,1,0,15,139.1180388,35,36,0,1
499,499,2,29,1,0,26,91.71864959999951,23,35,0,1
500,500,0,1,1,0,9,147.47621999999998,-1,34,0,1
501,501,2,29,1,0,21,134.3348263999988,23,35,0,1
502,502,3,30,0,0,1,157.9396951999997,36,34,0,1
503,503,2,29,1,0,26,135.7008628,34,35,0,1
504,504,5,34,1,0,12,155.09186319999998,24,36,0,1
505,505,2,16,0,0,16,164.48770720000002,21,32,0,1
506,506,0,15,0,0,13,143.9670816,36,33,0,1
507,507,4,14,1,0,14,96.195784,21,36,0,1
508,508,2,26,2,2,7,232.34172479999998,34,35,0,1
509,509,2,26,2,17,14,258.9343152,23,35,0,1
510,510,0,29,0,0,20,147.1683628,36,32,0,1
511,511,0,15,1,0,2,118.58140039999999,32,33,0,1
512,512,1,26,2,6,8,263.06723,23,34,0,1
513,513,0,14,0,0,14,136.53469600000003,36,33,0,1
514,514,4,7,1,0,22,136.583624000003,34,36,0,1
515,515,2,26,2,20,10,165.8875484,19,35,0,1
516,516,3,30,0,0,15,167.9366863999997,36,32,0,1
517,517,1,14,0,0,14,120.13169520000001,36,33,0,1
518,518,1,18,2,10,20,102.9488488,32,34,0,1
519,519,0,7,1,0,31,183.054381999997,21,33,0,1
520,520,4,34,1,0,8,180.1924832,34,36,0,1
521,521,3,30,0,0,15,260.6719264,36,33,0,1
522,522,2,7,1,0,24,204.41795919999998,34,35,0,1
523,523,1,16,0,0,16,146.8653984,36,33,0,1
524,524,3,15,1,0,-1,104.66805640000001,35,36,0,1
525,525,3,33,1,0,14,359.3315688,35,36,0,1
526,526,3,11,2,15,15,86.12073040000001,21,35,0,1
527,527,2,26,2,23,13,117.11495040000001,23,35,0,1
528,528,1,29,1,0,10,124.17704000000299,21,35,0,1
529,529,2,15,1,0,15,168.95227599999998,31,35,0,1
530,530,2,15,0,0,15,133.92338639999912,23,32,0,1
531,531,1,11,2,16,9,97.0434616,22,34,0,1
532,532,4,12,1,0,17,193.9991308,35,36,0,1
533,533,4,2,1,0,2,155.2575512,-1,36,0,1
534,534,3,14,1,0,14,222.125892,34,36,0,1
535,535,2,33,2,13,31,116.43829839999998,34,35,0,1
536,536,4,27,1,0,6,128.1059584,30,36,0,1
537,537,5,22,1,0,9,159.2000359999994,26,36,0,1
538,538,3,21,0,0,24,176.6384756,36,33,0,1
539,539,1,28,2,19,16,168.59065359999968,22,32,0,1
540,540,1,16,0,0,16,146.3459832,29,32,0,1
541,541,0,32,1,0,23,89.68869360000001,25,31,0,1
542,542,3,30,0,0,4,168.8629268,36,32,0,1
543,543,3,32,1,0,11,115.24834719999998,18,36,0,1
544,544,1,24,0,0,12,193.3641231999997,36,34,0,1
545,545,1,22,0,0,21,202.74834679999998,36,34,0,1
546,546,2,12,1,0,-1,111.373472,23,35,0,1
547,547,0,9,1,0,33,81.0113128,31,32,0,1
548,548,5,33,1,0,18,238.438098,22,36,0,1
549,549,6,34,1,0,12,234.85528959999942,32,36,0,1
550,550,7,16,2,4,16,244.77566399999995,28,35,0,1
551,551,2,29,1,0,2,217.10743599999998,23,35,0,1
552,552,4,23,1,0,20,174.4964856,32,36,0,1
553,553,6,35,1,0,20,202.3872248,35,36,0,1
554,554,4,13,1,0,13,227.40222080000004,31,36,0,1
555,555,3,13,1,0,-1,83.46660879999997,33,36,0,1
556,556,4,33,2,12,10,194.308322400004,21,35,0,1
557,557,5,24,1,0,-1,250.0844631999997,35,36,0,1
558,558,0,2,1,0,29,61.65228239999999,-1,27,0,1
559,559,0,10,1,0,22,96.19950920000001,19,32,0,1
560,560,5,32,1,0,7,190.3629464,24,36,0,1
561,561,1,26,0,0,26,90.26148479999999,22,34,0,1
562,562,2,14,0,0,14,106.66859999999998,19,33,0,1
563,563,1,32,1,0,33,170.36974239999938,22,34,0,1
564,564,1,24,0,0,24,108.2083308,36,34,0,1
565,565,0,32,1,0,29,84.25290399999999,19,31,0,1
566,566,3,26,2,21,14,82.2506368,23,34,0,1
567,567,5,18,2,6,1,102.83442400000001,26,35,0,1
568,568,4,35,1,0,20,106.1489067999998,19,36,0,1
569,569,2,26,2,1,13,300.9660248,23,35,0,1
570,570,3,14,1,0,8,127.94071519999999,35,36,0,1
571,571,4,26,1,0,9,95.443849600005,21,36,0,1
572,572,3,0,1,0,-1,38.7877832,35,36,0,1
573,573,1,18,2,7,1,192.04562479999998,22,34,0,1
574,574,2,26,2,3,26,105.3611104,22,34,0,1
575,575,6,9,1,0,26,148.2119192,24,36,0,1
576,576,6,4,1,0,20,93.10698159999991,26,36,0,1
577,577,0,15,1,0,1,271.95817040000003,22,33,0,1
578,578,3,15,1,0,30,121.8741992,35,36,0,1
579,579,3,15,1,0,15,191.167812,35,36,0,1
580,580,2,26,2,3,14,135.50409439999942,23,34,0,1
581,581,1,26,2,12,29,200.9235548,21,34,0,1
582,582,5,33,1,0,29,234.02179,26,36,0,1
583,583,0,9,1,0,35,173.86153359999997,-1,32,0,1
584,584,1,16,0,0,16,173.1983368,28,31,0,1
585,585,0,7,1,0,26,119.1948908,20,32,0,1
586,586,6,33,1,0,33,306.21199600000006,26,36,0,1
587,587,3,0,1,0,12,264.70359360000003,35,36,0,1
588,588,3,17,1,0,17,156.9574655999997,23,36,0,1
589,589,2,15,1,0,15,213.3789,19,35,0,1
590,590,2,29,1,0,-1,172.03229359999938,23,35,0,1
591,591,3,21,0,0,-1,223.23466720000005,36,33,0,1
592,592,2,17,0,0,17,177.8801348,36,34,0,1
593,593,0,0,0,0,9,134.2668832,36,32,0,1
594,594,5,33,1,0,11,216.4932784,26,36,0,1
595,595,3,13,1,0,-1,101.4313024,35,36,0,1
596,596,1,6,1,0,17,289.1521924,30,34,0,1
597,597,0,22,1,0,14,171.9482264,20,33,0,1
598,598,2,33,1,0,28,187.82502879999998,22,35,0,1
599,599,0,13,0,0,24,137.69017520000003,36,32,0,1
600,600,3,26,2,8,14,251.5090464,32,34,0,1
601,601,2,17,0,0,17,251.92621319999995,36,35,0,1
602,602,6,22,0,0,-1,119.19939439999999,36,35,0,1
603,603,2,4,1,0,28,93.19805439999999,23,35,0,1
604,604,4,7,1,0,7,86.7734188,-1,36,0,1
605,605,3,8,1,0,8,209.25226800000002,20,36,0,1
606,606,7,12,1,0,14,134.5637872,27,36,0,1
607,607,7,22,1,0,8,205.92460800000003,27,36,0,1
608,608,0,12,1,0,34,156.70848880000003,32,33,0,1
609,609,3,11,2,5,15,185.35194080000002,23,34,0,1
610,610,6,26,2,30,8,254.13364440000004,27,34,0,1
611,611,1,17,0,0,17,199.667384,36,34,0,1
612,612,6,22,0,0,22,88.5401644,36,34,0,1
613,613,2,9,1,0,26,172.11502639999998,34,35,0,1
614,614,2,34,1,0,-1,79.74024119999999,23,35,0,1
615,615,3,15,1,0,15,114.55290240000602,35,36,0,1
616,616,5,9,1,0,9,117.74723359999999,26,36,0,1
617,617,2,24,0,0,10,111.809932,36,34,0,1
618,618,2,32,1,0,13,277.9329464,-1,35,0,1
619,619,7,8,1,0,14,211.5735124,28,36,0,1
620,620,2,12,1,0,3,314.2529791999994,23,35,0,1
621,621,2,13,0,0,13,75.69739840000001,21,33,0,1
622,622,5,14,1,0,14,148.51327120000002,21,36,0,1
623,623,9,21,1,0,21,120.7351776,35,36,0,1
624,624,3,15,1,0,33,132.1514144,35,36,0,1
625,625,2,14,0,0,14,224.21934319999968,36,35,0,1
626,626,4,32,1,0,29,102.60373960000501,21,36,0,1
627,627,0,23,1,0,4,313.6815224,20,32,0,1
628,628,11,7,1,0,33,204.5567368,34,36,0,1
629,629,4,15,1,0,15,100.471868799997,21,36,0,1
630,630,0,6,1,0,26,157.10141399999998,31,32,0,1
631,631,2,18,2,33,28,304.5340992,32,34,0,1
632,632,6,10,1,0,3,106.89656,35,36,0,1
633,633,4,17,1,0,17,141.5509836,35,36,0,1
634,634,6,26,2,2,3,59.1690752,20,35,0,1
635,635,4,14,1,0,14,159.6835336,32,36,0,1
636,636,5,22,0,0,36,168.761846,36,35,0,1
637,637,2,22,1,0,22,87.97271079999999,34,35,0,1
638,638,4,26,1,0,26,261.8204,21,36,0,1
639,639,0,11,0,0,11,131.8553444,36,33,0,1
640,640,6,12,1,0,17,152.1621879999991,35,36,0,1
641,641,2,13,0,0,13,103.3894232,23,34,0,1
642,642,0,4,1,0,35,86.39005680000001,-1,27,0,1
643,643,0,15,1,0,-1,118.45268639999972,23,33,0,1
644,644,0,14,0,0,14,78.02920680000803,36,33,0,1
645,645,3,9,1,0,9,256.97986399999996,32,36,0,1
646,646,7,34,1,0,14,157.3672931999998,28,36,0,1
647,647,2,26,2,17,33,118.7948488,21,34,0,1
648,648,7,26,2,27,14,253.47256039999988,28,34,0,1
649,649,2,34,0,0,34,176.1438024,19,34,0,1
650,650,1,13,0,0,13,79.2052024,33,34,0,1
651,651,2,35,0,0,35,86.98280840000001,18,34,0,1
652,652,2,14,0,0,14,101.6633767999999,36,35,0,1
653,653,1,33,2,3,13,107.1291904,20,34,0,1
654,654,0,2,1,0,1,78.18160639999999,31,33,0,1
655,655,2,24,1,0,-1,83.25655199999997,34,35,0,1
656,656,2,30,1,0,32,121.3538388,-1,35,0,1
657,657,4,26,2,9,9,190.39452720000003,34,35,0,1
658,658,2,6,0,0,6,173.9851323999997,23,34,0,1
659,659,7,2,1,0,35,195.14810480000003,28,36,0,1
660,660,1,16,0,0,16,163.1433548,32,33,0,1
661,661,3,33,1,0,33,67.9025008,-1,36,0,1
662,662,9,24,1,0,34,208.5473712,29,36,0,1
663,663,7,26,2,28,14,73.7674112,30,35,0,1
664,664,4,15,2,0,1,125.878900399996,21,35,0,1
665,665,12,34,1,0,14,116.7697855999999,32,36,0,1
666,666,3,15,1,0,-1,81.07519719999999,35,36,0,1
667,667,4,26,1,0,26,121.06344000000001,20,36,0,1
668,668,0,4,1,0,22,126.3198084,-1,28,0,1
669,669,5,14,1,0,14,147.042262,18,36,0,1
670,670,2,26,2,1,26,374.60572279999997,34,35,0,1
671,671,12,33,2,59,16,329.51595760000004,33,34,0,1
672,672,3,9,1,0,33,75.8062076,34,36,0,1
673,673,4,33,1,0,29,107.2422808,23,36,0,1
674,674,13,14,0,0,-1,58.88179000000001,36,35,0,1
675,675,3,33,2,59,14,124.13433919999969,23,34,0,1
676,676,2,16,2,4,16,125.8066759999997,23,35,0,1
677,677,2,16,0,0,16,133.45323280000002,23,34,0,1
678,678,13,26,2,47,15,261.4131856,33,35,0,1
679,679,0,13,0,0,9,149.20816,36,32,0,1
680,680,0,13,0,0,13,101.99592039999999,36,33,0,1
681,681,0,24,1,0,12,149.367454,20,32,0,1
682,682,2,16,0,0,16,102.13052799999909,21,34,0,1
683,683,13,12,1,0,14,422.00049720000004,34,36,0,1
684,684,0,30,1,0,-1,87.7649892,23,31,0,1
685,685,1,26,0,0,26,81.04606279999977,18,34,0,1
686,686,14,12,1,0,14,159.0584784,35,36,0,1
687,687,0,15,1,0,30,90.20332720000002,20,32,0,1
688,688,14,14,0,0,-1,144.8169276,36,26,0,1
689,689,13,26,2,13,14,212.3238343999991,34,35,0,1
690,690,0,15,1,0,28,291.94653719999997,31,32,0,1
691,691,3,33,1,0,33,87.29489119999991,22,36,0,1
692,692,0,34,0,0,3,126.49544880000002,36,33,0,1
693,693,3,26,2,23,30,209.7097448,20,35,0,1
694,694,1,15,1,0,15,122.44298719999912,18,34,0,1
695,695,4,26,2,23,26,131.5231344,20,35,0,1
696,696,0,1,1,0,27,67.6184404,-1,27,0,1
697,697,0,15,1,0,15,172.87140879999998,-1,32,0,1
698,698,1,2,1,0,35,98.416448,20,34,0,1
699,699,4,26,2,32,29,232.84129079999997,34,35,0,1
700,700,5,22,0,0,26,201.5049639999997,36,34,0,1
701,701,3,12,1,0,36,94.0843184,19,36,0,1
702,702,1,26,1,0,21,284.7183148,33,34,0,1
703,703,1,34,1,0,17,147.38448000000005,21,34,0,1
704,704,3,17,1,0,17,91.613509999999,21,36,0,1
705,705,5,24,1,0,24,182.76759719999998,35,36,0,1
706,706,0,34,1,0,17,229.170912400005,21,33,0,1
707,707,2,17,0,0,17,134.78629840000002,36,33,0,1
708,708,0,34,1,0,26,161.402185199997,21,33,0,1
709,709,1,15,1,0,15,86.57620559999998,22,34,0,1
710,710,5,26,2,37,33,58.078092,18,35,0,1
711,711,2,26,2,1,34,126.9016624,22,35,0,1
712,712,5,15,1,0,18,146.6173112,26,36,0,1
713,713,3,3,1,0,18,90.53325759999699,20,36,0,1
714,714,0,15,1,0,4,122.6593824,23,32,0,1
715,715,4,26,2,17,35,47.0329852,-1,35,0,1
716,716,7,14,1,0,14,17.7506336,-1,36,0,1
717,717,0,29,1,0,-1,109.1243408,-1,32,0,1
718,718,0,7,1,0,28,87.29300079999999,20,32,0,1
719,719,2,29,1,0,9,145.84158,34,35,0,1
720,720,4,31,1,0,31,71.68519119999999,-1,36,0,1
721,721,3,21,0,0,-1,126.7920192,36,32,0,1
722,722,14,14,0,0,-1,58.28292240000001,36,26,0,1
723,723,1,15,1,0,1,175.4907248,18,34,0,1
724,724,0,15,1,0,-1,183.57880119999697,20,32,0,1
725,725,1,14,1,0,26,207.45749999999995,22,34,0,1
